{"animal": 0, "arm": 1, "arrest": 2, "baby": 3, "banana": 4, "bark": 5, "basketball": 6, "bat": 7, "bow": 8, "bra": 9, "break": 10, "bury": 11, "call": 12, "candy": 13, "carrot": 14, "castle": 15, "cat": 16, "catch": 17, "chew": 18, "cloud": 19, "conduct": 20, "cool": 21, "corn": 22, "cross": 23, "cry": 24, "dark": 25, "deaf": 26, "decorate": 27, "dip": 28, "dog": 29, "dolphin": 30, "drown": 31, "elevator": 32, "envelope": 33, "erase": 34, "file": 35, "fine": 36, "flashlight": 37, "float": 38, "follow": 39, "fork": 40, "glass": 41, "gloves": 42, "go": 43, "gun": 44, "handsome": 45, "helicopter": 46, "hold": 47, "iron": 48, "jacket": 49, "kangaroo": 50, "kiss": 51, "knight": 52, "lift": 53, "lobster": 54, "lock": 55, "magnet": 56, "mean": 57, "meditate": 58, "microscope": 59, "mix": 60, "move": 61, "necklace": 62, "oil": 63, "parachute": 64, "patient": 65, "peach": 66, "peel": 67, "peg": 68, "pillow": 69, "pineapple": 70, "pipe": 71, "plenty": 72, "pop": 73, "rhino": 74, "right": 75, "run": 76, "sandwich": 77, "scarf": 78, "screwdriver": 79, "sharpen": 80, "shave": 81, "shoulder": 82, "slice": 83, "somersault": 84, "spread": 85, "stack": 86, "stamp": 87, "stethoscope": 88, "story": 89, "strawberry": 90, "support": 91, "sweater": 92, "talk": 93, "tow": 94, "toy": 95, "trim": 96, "what": 97, "wristwatch": 98, "yawn": 99}